Seller,Total Sales
@RajputLancer,5706g
@Jetchi,3579g
@Guylords,134500g
@Sabercat,19450g
@krevius,2018g
@MadisonRayne,2088g
@AKAZA69,1487285g
@ConjuringWorm,37239g
@Crazy_Ratt,2758250g
@OneTroubledTurtle,56700g
@Argorious,822500g
@Primehunter501,388643g
@Fallen_Prophet,811569g
@akwaaa,7177g
@shanleyp,352288g
@KlumsBabe,98196g
@A.Holik,152460g
@Scarrebend,113764g
@ElQueue,52775g
@Dmaged,95868g
@Thonrad93,696g
@jigumiz,5219000g
@ChargeYourWeapons,9934799g
@VanBrunt,13575g
@Remsen,5600g
@SavageHoax,1697150g
@Erkla,61014g
@NixNoctia,560470g
@adghar,267889g
@AVENFATE,169937g
@Dizzywicker,121700g
@dawnarhinni,232400g
@Miserables82,325930g
@vKaotic,54099g
@XPhenixFireX,3086g
@Peliciano,838425g
@Shastan,496290g
@Jack.Fyre,90763g
@Carlinhaaa,77611g
@KarnficinA,10000g
@Advoprime,13697g
@Lunareklypse,1071681g
@xamich,304428g
@bruiseman5241990,234640g
@Leftthesky,45000g
@dewmanchu87,245782g
@MissDollypop,3405200g
@FaintyFox,266000g
@DubzVenom,1680g
@Wightwarriora,6058g
@Psych0oKiller,10600g
@Skul_d47,192908g
@Linknerevar,733050g
@DivadSesom,178325g
@MisterSmirk,14045g
@HappySuccubus,599848g
@SeuJose,965800g
@PrettyfulPhoenix,440500g
@wins15,199361g
@khanmorte,80600g
@Cheesed_GB,915550g
@NCC-42,4497g
@rock1064,287226g
@GOPNICK,577649g
@EtedZ,40545g
@flikao,2598100g
@SciFiFantasy2002,362500g
@Dwight3,393500g
@baneheart,751206g
@lubasik,439255g
@EuphoricWizard,1827780g
@MidasTouch21,65150g
@blazblue14589,530000g
@Bobthedead,568500g
@LionOfJustice,145500g
@Platinu,897409g
@Domiforu,81750g
@gabrielsfeather,44950g
@NoPantsStan,241050g
@Wild_Thesaurus,390000g
@RattdeRodent,36500g
@limamari,6095g
@Mysteria295,32764g
@SerNemesis,113537g
@IsharaMeradin-Epic,1146g
@Jellydem,41980g
@TrafalgarDripLaw,1145g
@TruthAndLies,20250g
@SphinxReverie,15250g
@Killiansman,38260g
@JuliaRoseBlack,113155g
@shane1395,52920g
@MouthForWar79,308982g
@thortothemax45,125000g
@Banshee_44,4049900g
@illuminaughty69,593000g
@Jos.Soma,780000g
@Serovak,48000g
@BlindLittleMole,259000g
@Mystic.legend,579414g
@Rt_GearZ,185300g
@Ozzy29,18242g
@Feiticeiraa,60000g
@RaindropOwO,28500g
@boyblitzz2,406970g
@DarkLordCthulhu,1305000g
@bugwithaknife,5337000g
@vereesh,107349g
@castleknight2001,166069g
@DarkSpawnKing,71000g
@ZionVI,300g
@ChaotixDemon,110570g
@GrabbersDivinity,412850g
@SaltyDog6616,101500g
@tindin,120000g
@Mr.HomeInvasion,335741g
@Evilpookie,52500g
@ChristoVarian,267185g
@Cpt.Zynbabwe,724675g
@Saltwound,37000g
@Ghatlh,148000g
@edufalash,30537g
@QuiveringSalamander,27800g
@baby_jesus316,381525g
@Jetxky,608307g
@HawtChet,2468g
@tabicatastrophe,14270g
@SoloDante,816g
@Retlaw21,42600g
@width,2418764g
@Justdoxito,1350g
@shy-robot,704100g
@OMGWTFREALLY,36458g
@eat2much,534000g
@GenWitch-2000,59640g
@GarkaLaGarka,59679g
@Robotsarealive,5677g
@CityClam,887340g
@JunkerMethod,2024520g
@oIUVo,1647747g
@Aladreb,115000g
@Deathbrin90,161090g
@Bleztor,150000g
@Zamaruk,132500g
@thomahawk217,156g
@PricedCrib,15500g
@cyoadventure,426000g
@Sweetleigh95,229000g
@Extremoth,37000g
@ayako1014,274300g
@Ploppa,79787g
@Akire2626,50000g
@Car108,604000g
@efcoman,232798g
@vctim,1812000g
@jornsnow1975,94300g
@Jypsy76,2679500g
@AwokenPhenix,133000g
@Silas-Greentree,5538000g
@SkoomaBubblerAddict,278841g
@skullcrusher4981,2508740g
@Piloting_Ace,757994g
@Hirriwi,472300g
@menace2sobriety813,110000g
@Arkangel82,537000g
@ZeLezin,204000g
@dykhajiit,287200g
@nateflixxx,5478g
@baggins.blood,45746g
@BizzMac,164420g
@MrCadwallader,51000g
@DanceyPants,102000g
@ultimba,367650g
@Marinola,5750g
@Gav9n,297500g
@gretler,35900g
@sconeindygw,304005g
@FNX2000,178800g
@DAN1968,5081g
@SoyCope,59734g
@FallenxHawk,448800g
@Hellraisin1,12900g
@dg1219,7738g
@WestDeserts,8900g
@zulzhr,346000g
@Blaquewidow,9700g
@pewterskier,23834g
@Oldschoolnoob,49840g
@bearclawws,603899g
@vipkid1412,60270g
@Sanadora,161125g
@Noobin007,1548231g
@Cinnadots,89350g
@Orishan,262600g
@Miller_HighLife14,127110g
@SparrowX9,5820g
@Hmphie,660g
@Vaelfear,228529g
@Tails888,179200g
@Eriodas,29000g
@Mkgoro112,51929g
@Naybeon_Fangcutter,58271g
@War-Carrots,11985g
@iamagear0,265934g
@SothaTeleferi,2815185g
@Bunnyrbt,215830g
@ashbellgames,147999g
@trishphegor,247500g
@LayerOfLight,1000g
@TheRealCrazyCarmela,10339g
@dingidongo,55554g
@Wynterlance,1191500g
@leroytwizzlers,534000g
@pumbz,36950g
@dyrethedragon,2381g
@Kooish,11600g
@Dhraghyn,9483g
@Razek237,4470g
@MasterW3,28603g
@viÃ¤tachegg,1742640g
@MagicalConch,249550g
@l3adl3ad,3091g
@DHW2004,31996g
@LaggyBoi,309777g
@SirWoobly,37590g
@Lyranis.Raine,7064g
@Biblicus,347090g
@piaopi,81299g
@Reign03,538g
@fairysynth,69200g
@xxgmanxx,667500g
@chesscat,165230g
@RoxiFoxi92,140000g
@Boozly,91000g
@PurpleFrost,33549g
@KrossedGamer,375221g
@BIGPAPAHOMES,7000g
@Streetgang-PBR,116550g
@Firray,800g
@M3LCAT91,1105500g
@Darlaa214,20800g
@GunopeShoji,2999g
@teeje,12728g
@CainBeast,2830g
@MRX-PHANTOM,198152g
@DarkChaos420,55300g
@Datsa,3200g
@pinkystenis,2000g
@Syncro17,142900g
@MrTinklez,80000g
@KillerClembo,62850g
@PepperB0x,5150000g
@pHnt0m,317400g
@Jhayce,400000g
@IAMB3Y0ND,81000g
@Nerevarine_Nwah,820700g
@Rayitas,15000g
@jaekobcaed,200g
@lavenderstar86,422500g
@SpankaTeyr,12900g
@TheAlmightySear,149000g
@Jrod2418,87000g
@Olivene,57000g
@zebini200,420000g
@BobSenpai,120000g
@xXShadofireXx,35400g
@NatDagger,188500g
@L3xz,21000g
@Ziren7,19500g
@Lonewolf0775,290000g
@ChaoslordVed,160000g
@Joshuagst,135000g
@anarki45,165000g
@UhhBlu,80000g
@doctadalton,130000g
@jaskos96,455000g
@Kefkaas,92598g
@MakotoMitsuri,200000g
@triskellionwearer,24230g
@obongajr,36500g
@daemon07,6000g
@xMetalFreakx,24752g
@Fixed_Odds,4000g
@P-PoofyBiteSize,280000g
@SpectreKH,94000g
@Akalam,1308000g
@PreciseSkill,350900g
@DarkZero1905,4515g
@Itsgametime,326000g
@Mgkv1,594g
@Orich,4500g
@mariusapan,120000g
@Jigsawxo,129495g
@istepsbysteps,3500g
@backpocket08,250g
@coolice07,60000g
@zynemorg,4139g
@Satar1,24000g
@RamenNoodleLord,150g
@PaurandMyrne,440450g
@DocHol1iday,65500g
@moonglory71,10000g
@DemonicdeathXXX,43200g
@Error_72890,132100g
@jaacobby,79999g
@DukeJacobus45,45000g
@MightBkhrazed,17000g
@Cloudfloat,540g
